{"text": "\u4f60\u80fd\u5e2e\u6211\u67e5\u4e00\u4e0b\u73b0\u5728\u6211\u7684K-MeK2.5\u5927\u6a21\u578bPPAK\u91cc\u9762\u8fd8\u6709\u591a\u5c11\u94b1\u5417", "segments": [{"id": 0, "seek": 0, "start": 0.0, "end": 4.0600000000000005, "text": "\u4f60\u80fd\u5e2e\u6211\u67e5\u4e00\u4e0b\u73b0\u5728\u6211\u7684K-Me", "tokens": [50364, 2166, 8225, 4845, 106, 1654, 42623, 8861, 25040, 14200, 42, 12, 12671, 50567], "temperature": 0.0, "avg_logprob": -0.7179469546756229, "compression_ratio": 0.8764044943820225, "no_speech_prob": 0.05273532122373581}, {"id": 1, "seek": 0, "start": 6.0600000000000005, "end": 7.9, "text": "K2.5\u5927\u6a21\u578b", "tokens": [50667, 42, 17, 13, 20, 3582, 41908, 39823, 50759], "temperature": 0.0, "avg_logprob": -0.7179469546756229, "compression_ratio": 0.8764044943820225, "no_speech_prob": 0.05273532122373581}, {"id": 2, "seek": 0, "start": 10.9, "end": 11.9, "text": "PPA", "tokens": [50909, 47, 10297, 50959], "temperature": 0.0, "avg_logprob": -0.7179469546756229, "compression_ratio": 0.8764044943820225, "no_speech_prob": 0.05273532122373581}, {"id": 3, "seek": 0, "start": 12.4, "end": 14.200000000000001, "text": "K\u91cc\u9762\u8fd8\u6709\u591a\u5c11\u94b1\u5417", "tokens": [50984, 42, 15759, 8833, 35091, 41492, 39623, 14769, 51074], "temperature": 0.0, "avg_logprob": -0.7179469546756229, "compression_ratio": 0.8764044943820225, "no_speech_prob": 0.05273532122373581}], "language": "zh"}